Date,Close/Last,Volume,,,
11/22/2024,$198.00 ,7861395,,,
11/21/2024,$198.20 ,8080302,,,
11/20/2024,$198.19 ,7344446,,,
11/19/2024,$201.07 ,6716028,,,
11/18/2024,$207.18 ,7912927,,,
11/15/2024,$201.12 ,5970371,,,
11/14/2024,$206.00 ,4783753,,,
11/13/2024,$205.72 ,7921929,,,
11/12/2024,$212.78 ,4991236,,,
11/11/2024,$215.87 ,6154795,,,
11/8/2024,$220.29 ,5020685,,,
11/7/2024,$217.54 ,6020774,,,
11/6/2024,$214.97 ,8527503,,,
11/5/2024,$202.46 ,5253150,,,
11/4/2024,$203.66 ,3694171,,,
11/1/2024,$204.92 ,4208858,,,
10/31/2024,$203.16 ,6543044,,,
10/30/2024,$207.93 ,4914038,,,
10/29/2024,$211.35 ,5522773,,,
10/28/2024,$205.83 ,4409206,,,
10/25/2024,$206.93 ,5103208,,,
10/24/2024,$206.61 ,9309285,,,
10/23/2024,$201.74 ,10548520,,,
10/22/2024,$193.97 ,7910843,,,
10/21/2024,$195.77 ,4948108,,,
10/18/2024,$198.47 ,4029545,,,
10/17/2024,$198.30 ,4687134,,,
10/16/2024,$200.69 ,3311293,,,
10/15/2024,$199.84 ,6818809,,,
10/14/2024,$208.66 ,3291630,,,
10/11/2024,$205.11 ,2815781,,,
10/10/2024,$202.47 ,3649446,,,
10/9/2024,$204.97 ,3215047,,,
10/8/2024,$202.21 ,6283806,,,
10/7/2024,$201.27 ,2772389,,,
10/4/2024,$202.71 ,4093115,,,
10/3/2024,$201.67 ,3167023,,,
10/2/2024,$203.43 ,4389444,,,
10/1/2024,$201.60 ,9039870,,,
9/30/2024,$206.57 ,5459632,,,
9/27/2024,$209.14 ,3074450,,,
9/26/2024,$209.26 ,4521278,,,
9/25/2024,$205.06 ,4124647,,,
9/24/2024,$204.94 ,5573298,,,
9/23/2024,$203.85 ,2757402,,,
9/20/2024,$203.30 ,14502850,,,
9/19/2024,$207.60 ,5155550,,,
9/18/2024,$200.71 ,4262138,,,
9/17/2024,$201.39 ,3478472,,,
9/16/2024,$198.47 ,3717845,,,
9/13/2024,$199.93 ,4617153,,,
9/12/2024,$195.98 ,7202609,,,
9/11/2024,$202.41 ,5900537,,,
9/10/2024,$199.80 ,4859354,,,
9/9/2024,$201.17 ,4864161,,,
9/6/2024,$197.45 ,6314390,,,
9/5/2024,$201.55 ,4107424,,,
9/4/2024,$204.00 ,4650377,,,
9/3/2024,$201.83 ,9284026,,,
8/30/2024,$214.34 ,5861054,,,
8/29/2024,$211.09 ,5622771,,,
8/28/2024,$207.74 ,3998131,,,
8/27/2024,$210.69 ,4373541,,,
8/26/2024,$208.25 ,5806059,,,
8/23/2024,$209.88 ,6112011,,,
8/22/2024,$203.77 ,6879862,,,
8/21/2024,$208.37 ,8119265,,,
8/20/2024,$202.54 ,7111388,,,
8/19/2024,$200.66 ,3788910,,,
8/16/2024,$200.53 ,4236423,,,
8/15/2024,$201.93 ,5081858,,,
8/14/2024,$195.61 ,3072159,,,
8/13/2024,$197.25 ,4969235,,,
8/12/2024,$192.06 ,5235891,,,
8/9/2024,$192.21 ,3066476,,,
8/8/2024,$193.30 ,6180403,,,
8/7/2024,$184.07 ,5013015,,,
8/6/2024,$186.95 ,6210869,,,
8/5/2024,$181.19 ,8659937,,,
8/2/2024,$187.46 ,8050367,,,
8/1/2024,$193.33 ,7958468,,,
7/31/2024,$203.81 ,7462408,,,
7/30/2024,$200.99 ,6062562,,,
7/29/2024,$201.88 ,3392032,,,
7/26/2024,$201.99 ,5384831,,,
7/25/2024,$197.15 ,9555415,,,
7/24/2024,$198.28 ,11049130,,,
7/23/2024,$198.29 ,6083324,,,
7/22/2024,$205.88 ,6063824,,,
7/19/2024,$199.10 ,4868045,,,
7/18/2024,$205.87 ,5497229,,,
7/17/2024,$204.26 ,7792512,,,
7/16/2024,$206.62 ,3134425,,,
7/15/2024,$201.76 ,3089498,,,
7/12/2024,$201.87 ,3683813,,,
7/11/2024,$199.99 ,5587869,,,
7/10/2024,$203.62 ,4559539,,,
7/9/2024,$200.16 ,3742464,,,
7/8/2024,$201.47 ,3927094,,,
7/5/2024,$198.79 ,2888139,,,
7/3/2024,$198.94 ,2454756,,,
7/2/2024,$198.42 ,4168677,,,
7/1/2024,$194.60 ,2873627,,,
6/28/2024,$194.53 ,8860990,,,
6/27/2024,$193.43 ,3874462,,,
6/26/2024,$193.10 ,3301042,,,
6/25/2024,$194.47 ,3643324,,,
6/24/2024,$193.91 ,3655725,,,
6/21/2024,$195.53 ,12516980,,,
6/20/2024,$192.76 ,5464850,,,
6/18/2024,$196.25 ,3036898,,,
6/17/2024,$194.90 ,3804892,,,
6/14/2024,$193.90 ,3479253,,,
6/13/2024,$196.28 ,3409915,,,
6/12/2024,$198.98 ,4655709,,,
6/11/2024,$197.44 ,4193168,,,
6/10/2024,$197.62 ,4202663,,,
6/7/2024,$195.61 ,3308561,,,
6/6/2024,$196.24 ,3905498,,,
6/5/2024,$196.08 ,5988587,,,
6/4/2024,$193.30 ,7221712,,,
6/3/2024,$193.72 ,4153475,,,
5/31/2024,$195.01 ,9137321,,,
5/30/2024,$195.68 ,5213789,,,
5/29/2024,$194.91 ,5607779,,,
5/28/2024,$199.60 ,8661036,,,
5/24/2024,$199.18 ,4354367,,,
5/23/2024,$197.29 ,7125387,,,
5/22/2024,$202.54 ,9118976,,,
5/21/2024,$199.01 ,5489098,,,
5/20/2024,$199.20 ,5282834,,,
5/17/2024,$195.02 ,4534186,,,
5/16/2024,$194.97 ,5371803,,,
5/15/2024,$195.53 ,5936831,,,
5/14/2024,$191.13 ,4917533,,,
5/13/2024,$187.82 ,3686290,,,
5/10/2024,$187.05 ,5606758,,,
5/9/2024,$185.32 ,5843369,,,
5/8/2024,$183.95 ,4220877,,,
5/7/2024,$182.67 ,5152889,,,
5/6/2024,$181.67 ,4127444,,,
5/3/2024,$178.91 ,4545090,,,
5/2/2024,$175.80 ,4838314,,,
5/1/2024,$175.20 ,7167749,,,
4/30/2024,$176.42 ,6444290,,,
4/29/2024,$179.29 ,4191467,,,
4/26/2024,$177.48 ,5401860,,,
4/25/2024,$175.25 ,9130782,,,
4/24/2024,$174.81 ,13965890,,,
4/23/2024,$165.47 ,6833629,,,
4/22/2024,$163.43 ,5942368,,,
4/19/2024,$159.68 ,10497550,,,
4/18/2024,$163.67 ,5605636,,,
4/17/2024,$165.70 ,4565125,,,
4/16/2024,$167.59 ,3389021,,,
4/15/2024,$166.35 ,4739475,,,
4/12/2024,$166.33 ,5473566,,,
4/11/2024,$171.20 ,4352053,,,
4/10/2024,$168.92 ,5662835,,,
4/9/2024,$173.46 ,4830902,,,
4/8/2024,$169.46 ,3154031,,,
4/5/2024,$167.50 ,5012314,,,
4/4/2024,$168.53 ,7491331,,,
4/3/2024,$170.34 ,3295848,,,
4/2/2024,$170.36 ,3304454,,,
4/1/2024,$173.17 ,2303229,,,
3/28/2024,$174.21 ,4417751,,,
3/27/2024,$172.87 ,4272356,,,
3/26/2024,$167.91 ,5898325,,,
3/25/2024,$170.85 ,3298599,,,
3/22/2024,$172.48 ,4177222,,,
3/21/2024,$172.59 ,4371638,,,
3/20/2024,$169.98 ,4404623,,,
3/19/2024,$166.76 ,5640195,,,
3/18/2024,$169.21 ,5213780,,,
3/15/2024,$172.52 ,19078800,,,
3/14/2024,$171.14 ,5028425,,,
3/13/2024,$172.68 ,5199464,,,
3/12/2024,$174.80 ,5802633,,,
3/11/2024,$174.19 ,4207280,,,
3/8/2024,$172.30 ,5632577,,,
3/7/2024,$175.27 ,5980433,,,
3/6/2024,$171.87 ,6312914,,,
3/5/2024,$170.64 ,6215628,,,
3/4/2024,$172.44 ,4401620,,,
3/1/2024,$171.05 ,5233691,,,
2/29/2024,$167.33 ,7267203,,,
2/28/2024,$163.04 ,2932981,,,
2/27/2024,$164.94 ,2886598,,,
2/26/2024,$164.30 ,5251308,,,
2/23/2024,$163.69 ,3479112,,,
2/22/2024,$165.43 ,5041241,,,
2/21/2024,$164.08 ,4533892,,,
2/20/2024,$162.74 ,5406180,,,
2/16/2024,$160.38 ,3167711,,,
2/15/2024,$160.71 ,3725291,,,
2/14/2024,$157.87 ,4527974,,,
2/13/2024,$156.85 ,5358099,,,
2/12/2024,$161.08 ,3853010,,,
2/9/2024,$162.40 ,3919501,,,
2/8/2024,$160.21 ,3487727,,,
2/7/2024,$158.77 ,4627927,,,
2/6/2024,$158.37 ,4140045,,,
2/5/2024,$158.90 ,4190141,,,
2/2/2024,$159.20 ,4922637,,,
2/1/2024,$159.69 ,6542100,,,
1/31/2024,$160.12 ,8665418,,,
1/30/2024,$162.05 ,4897565,,,
1/29/2024,$166.04 ,6076587,,,
1/26/2024,$164.09 ,8800892,,,
1/25/2024,$167.42 ,7088245,,,
1/24/2024,$170.07 ,15100360,,,
1/23/2024,$174.34 ,9459441,,,
1/22/2024,$174.83 ,6850732,,,
1/19/2024,$173.65 ,13345820,,,
1/18/2024,$166.91 ,6583726,,,
1/17/2024,$162.42 ,4079212,,,
1/16/2024,$163.88 ,6682863,,,
1/12/2024,$164.87 ,4205204,,,
1/11/2024,$165.60 ,5635776,,,
1/10/2024,$167.25 ,4045246,,,
1/9/2024,$168.63 ,5018646,,,
1/8/2024,$168.54 ,5717461,,,
1/5/2024,$165.10 ,3087213,,,
1/4/2024,$164.47 ,6445742,,,
1/3/2024,$166.74 ,5874964,,,
1/2/2024,$169.26 ,5652458,,,
12/29/2023,$170.46 ,2920688,,,
12/28/2023,$171.72 ,3023027,,,
12/27/2023,$171.23 ,3264990,,,
12/26/2023,$170.81 ,3202291,,,
12/22/2023,$168.24 ,3492393,,,
12/21/2023,$166.81 ,4040341,,,
12/20/2023,$165.18 ,5098714,,,
12/19/2023,$168.50 ,4379410,,,
12/18/2023,$167.42 ,5015234,,,
12/15/2023,$168.64 ,16337400,,,
12/14/2023,$168.78 ,11428510,,,
12/13/2023,$161.81 ,5940939,,,
12/12/2023,$157.92 ,4714513,,,
12/11/2023,$159.97 ,7585468,,,
12/8/2023,$157.03 ,4732348,,,
12/7/2023,$157.68 ,6495354,,,
12/6/2023,$156.05 ,4952260,,,
12/5/2023,$157.25 ,4935654,,,
12/4/2023,$157.42 ,6571960,,,
12/1/2023,$155.21 ,4095482,,,
11/30/2023,$152.71 ,6641361,,,
11/29/2023,$153.20 ,3647300,,,
11/28/2023,$152.90 ,3883801,,,
11/27/2023,$152.60 ,4130717,,,
11/24/2023,$153.59 ,1604823,,,
11/22/2023,$153.93 ,3159895,,,
11/21/2023,$153.43 ,3877626,,,
11/20/2023,$155.54 ,5836927,,,
11/17/2023,$154.62 ,7524305,,,
11/16/2023,$151.89 ,5599386,,,
11/15/2023,$151.87 ,5956977,,,
11/14/2023,$149.93 ,7051748,,,
11/13/2023,$145.87 ,4345362,,,
11/10/2023,$147.19 ,7214782,,,
11/9/2023,$143.27 ,7061219,,,
11/8/2023,$145.22 ,6901416,,,
11/7/2023,$146.59 ,5193010,,,
11/6/2023,$147.50 ,6601403,,,
11/3/2023,$150.23 ,5818945,,,
11/2/2023,$147.31 ,6297931,,,
11/1/2023,$143.17 ,7503183,,,
10/31/2023,$142.01 ,6570280,,,
10/30/2023,$140.50 ,6640802,,,
10/27/2023,$143.12 ,5327541,,,
10/26/2023,$144.01 ,7888829,,,
10/25/2023,$141.79 ,12349210,,,
10/24/2023,$146.92 ,7024355,,,
10/23/2023,$146.32 ,5398179,,,
10/20/2023,$147.81 ,5391732,,,
10/19/2023,$150.94 ,6041145,,,
10/18/2023,$151.82 ,4837519,,,
10/17/2023,$154.26 ,5098968,,,
10/16/2023,$154.30 ,4872249,,,
10/13/2023,$152.75 ,4319208,,,
10/12/2023,$155.00 ,5643258,,,
10/11/2023,$157.33 ,4452444,,,
10/10/2023,$157.66 ,3657353,,,
10/9/2023,$156.72 ,2747012,,,
10/6/2023,$157.00 ,5016308,,,
10/5/2023,$155.11 ,4389286,,,
10/4/2023,$157.97 ,4129857,,,
10/3/2023,$157.25 ,3510651,,,
10/2/2023,$159.95 ,2922379,,,
9/29/2023,$159.01 ,3664791,,,
9/28/2023,$159.09 ,4271372,,,
9/27/2023,$158.14 ,4231071,,,
9/26/2023,$157.96 ,4164141,,,
9/25/2023,$160.90 ,3107793,,,
9/22/2023,$160.31 ,3715338,,,
9/21/2023,$160.40 ,4493118,,,
9/20/2023,$162.10 ,5036116,,,
9/19/2023,$163.14 ,3244356,,,
9/18/2023,$162.83 ,3180098,,,
9/15/2023,$162.62 ,9427916,,,
9/14/2023,$166.05 ,4071651,,,
9/13/2023,$164.36 ,3332041,,,
9/12/2023,$163.49 ,3739933,,,
9/11/2023,$165.84 ,3191988,,,
9/8/2023,$164.66 ,3301166,,,
9/7/2023,$164.71 ,6272137,,,
9/6/2023,$168.05 ,4244027,,,
9/5/2023,$169.74 ,2882213,,,
9/1/2023,$169.83 ,2611217,,,
8/31/2023,$168.06 ,6026550,,,
8/30/2023,$169.23 ,5120446,,,
8/29/2023,$170.69 ,3981704,,,
8/28/2023,$168.70 ,3995144,,,
8/25/2023,$167.81 ,3947531,,,
8/24/2023,$165.59 ,6003381,,,
8/23/2023,$169.83 ,4152923,,,
8/22/2023,$167.11 ,3035656,,,
8/21/2023,$167.95 ,3941844,,,
8/18/2023,$166.49 ,4456135,,,
8/17/2023,$165.76 ,3987752,,,
8/16/2023,$165.72 ,4558390,,,
8/15/2023,$168.16 ,3920921,,,
8/14/2023,$170.48 ,5933710,,,
8/11/2023,$166.20 ,5454824,,,
8/10/2023,$167.56 ,4975328,,,
8/9/2023,$167.27 ,4701612,,,
8/8/2023,$166.73 ,4628036,,,
8/7/2023,$168.96 ,4315754,,,
8/4/2023,$168.44 ,6052788,,,
8/3/2023,$171.80 ,4517386,,,
8/2/2023,$172.44 ,6917229,,,
8/1/2023,$178.37 ,4030712,,,
7/31/2023,$180.00 ,4065391,,,
7/28/2023,$178.37 ,7541197,,,
7/27/2023,$177.72 ,8300542,,,
7/26/2023,$176.00 ,11905070,,,
7/25/2023,$186.08 ,6267820,,,
7/24/2023,$183.89 ,4318723,,,
7/21/2023,$184.32 ,17251740,,,
7/20/2023,$179.92 ,7154611,,,
7/19/2023,$183.67 ,3686040,,,
7/18/2023,$183.68 ,3040587,,,
7/17/2023,$183.40 ,3918501,,,
7/14/2023,$180.85 ,3701290,,,
7/13/2023,$183.12 ,4441186,,,
7/12/2023,$182.37 ,5708636,,,
7/11/2023,$178.82 ,2755827,,,
7/10/2023,$179.44 ,5563177,,,
7/7/2023,$173.70 ,4585392,,,
7/6/2023,$174.82 ,4555430,,,
7/5/2023,$176.53 ,3729345,,,
7/3/2023,$179.76 ,2006740,,,
6/30/2023,$180.02 ,6004384,,,
6/29/2023,$176.79 ,3704912,,,
6/28/2023,$174.96 ,3425399,,,
6/27/2023,$176.31 ,6257767,,,
6/26/2023,$168.75 ,4899753,,,
6/23/2023,$167.68 ,8541837,,,
6/22/2023,$172.63 ,3608284,,,
6/21/2023,$170.48 ,4034292,,,
6/20/2023,$174.36 ,3516105,,,
6/16/2023,$176.76 ,10374680,,,
6/15/2023,$178.09 ,4224200,,,
6/14/2023,$177.12 ,4748485,,,
6/13/2023,$177.41 ,5408141,,,
6/12/2023,$174.04 ,4709261,,,
6/9/2023,$170.59 ,4179209,,,
6/8/2023,$172.23 ,3344038,,,
6/7/2023,$172.00 ,4422680,,,
6/6/2023,$170.36 ,4032555,,,
6/5/2023,$170.26 ,5520407,,,
6/2/2023,$175.23 ,4788025,,,
6/1/2023,$175.81 ,3955414,,,
5/31/2023,$173.88 ,8533952,,,
5/30/2023,$176.55 ,5677278,,,
5/26/2023,$176.29 ,8323156,,,
5/25/2023,$169.62 ,7747221,,,
5/24/2023,$167.07 ,7502471,,,
5/23/2023,$169.74 ,5601445,,,
5/22/2023,$170.86 ,3334026,,,
5/19/2023,$170.11 ,4790622,,,
5/18/2023,$169.81 ,4916286,,,
5/17/2023,$165.34 ,4910377,,,
5/16/2023,$163.38 ,4274097,,,
5/15/2023,$165.26 ,3789239,,,
5/12/2023,$161.88 ,2400809,,,
5/11/2023,$161.17 ,3320551,,,
5/10/2023,$163.05 ,4428851,,,
5/9/2023,$163.00 ,5736844,,,
5/8/2023,$164.22 ,3831469,,,
5/5/2023,$165.82 ,5494735,,,
5/4/2023,$162.30 ,4308975,,,
5/3/2023,$163.35 ,4398787,,,
5/2/2023,$163.94 ,7312375,,,
5/1/2023,$166.68 ,4831344,,,
4/28/2023,$167.20 ,6575445,,,
4/27/2023,$165.27 ,6697905,,,
4/26/2023,$164.46 ,8647518,,,
4/25/2023,$169.39 ,7135959,,,
4/24/2023,$175.90 ,3360148,,,
4/21/2023,$177.02 ,6791989,,,
4/20/2023,$176.62 ,4710817,,,
4/19/2023,$177.08 ,3093937,,,
4/18/2023,$180.32 ,2774688,,,
4/17/2023,$180.05 ,2845828,,,
4/14/2023,$178.98 ,2741962,,,
4/13/2023,$179.11 ,3264278,,,
4/12/2023,$177.55 ,3559513,,,
4/11/2023,$179.87 ,3296864,,,
4/10/2023,$179.42 ,3488605,,,
4/6/2023,$178.12 ,3743004,,,
4/5/2023,$177.20 ,5904915,,,
4/4/2023,$180.40 ,4724858,,,
4/3/2023,$184.16 ,4143112,,,
3/31/2023,$186.01 ,4793263,,,
3/30/2023,$184.24 ,5535754,,,
3/29/2023,$181.04 ,5227056,,,
3/28/2023,$177.49 ,4061636,,,
3/27/2023,$177.05 ,4453284,,,
3/24/2023,$179.51 ,5345460,,,
3/23/2023,$180.28 ,5083351,,,
3/22/2023,$176.32 ,4738006,,,
3/21/2023,$178.41 ,4217471,,,
3/20/2023,$179.16 ,4964600,,,
3/17/2023,$175.71 ,12963340,,,
3/16/2023,$177.13 ,5028811,,,
3/15/2023,$174.39 ,4918346,,,
3/14/2023,$175.73 ,5034839,,,
3/13/2023,$173.89 ,5453565,,,
3/10/2023,$171.64 ,5929653,,,
3/9/2023,$173.44 ,4651329,,,
3/8/2023,$176.22 ,3805624,,,
3/7/2023,$172.06 ,3844102,,,
3/6/2023,$173.05 ,4090107,,,
3/3/2023,$175.68 ,4379301,,,
3/2/2023,$174.08 ,4551116,,,
3/1/2023,$172.17 ,4649847,,,
2/28/2023,$171.45 ,3674501,,,
2/27/2023,$170.74 ,3310192,,,
2/24/2023,$169.14 ,4118305,,,
2/23/2023,$171.82 ,4856743,,,
2/22/2023,$169.80 ,4577366,,,
2/21/2023,$170.76 ,7030305,,,
2/17/2023,$175.32 ,4060826,,,
2/16/2023,$176.08 ,4212375,,,
2/15/2023,$178.50 ,3879696,,,
2/14/2023,$176.34 ,4179180,,,
2/13/2023,$176.71 ,3443194,,,
2/10/2023,$175.79 ,5466363,,,
2/9/2023,$174.99 ,5572007,,,
2/8/2023,$176.50 ,5657703,,,
2/7/2023,$183.49 ,4799857,,,
2/6/2023,$181.00 ,4385743,,,
2/3/2023,$182.29 ,5732193,,,
2/2/2023,$184.72 ,11667110,,,
2/1/2023,$182.10 ,7835838,,,
1/31/2023,$177.21 ,5852445,,,
1/30/2023,$173.13 ,5048954,,,
1/27/2023,$175.24 ,6074904,,,
1/26/2023,$174.10 ,6287866,,,
1/25/2023,$175.04 ,6720689,,,
1/24/2023,$177.04 ,5351620,,,
1/23/2023,$178.17 ,7847635,,,
1/20/2023,$173.00 ,7569929,,,
1/19/2023,$170.93 ,5995727,,,
1/18/2023,$173.76 ,5874261,,,
1/17/2023,$175.40 ,5659395,,,
1/13/2023,$179.01 ,3736703,,,
1/12/2023,$178.13 ,4325138,,,
1/11/2023,$178.87 ,5013866,,,
1/10/2023,$178.40 ,4267839,,,
1/9/2023,$176.68 ,5733948,,,
1/6/2023,$175.16 ,6725941,,,
1/5/2023,$166.93 ,6876953,,,
1/4/2023,$169.17 ,6285339,,,
1/3/2023,$163.21 ,4294135,,,
12/30/2022,$165.22 ,3249053,,,
12/29/2022,$165.02 ,4081576,,,
12/28/2022,$161.19 ,2998550,,,
12/27/2022,$163.78 ,3535587,,,
12/23/2022,$164.38 ,2597000,,,
12/22/2022,$164.70 ,7188736,,,
12/21/2022,$168.73 ,3632145,,,
12/20/2022,$166.09 ,3777633,,,
12/19/2022,$167.61 ,4507115,,,
12/16/2022,$169.55 ,10423640,,,
12/15/2022,$170.01 ,6008556,,,
12/14/2022,$175.82 ,5114590,,,
12/13/2022,$177.50 ,6951017,,,
12/12/2022,$177.48 ,5347045,,,
12/9/2022,$174.26 ,3966812,,,
12/8/2022,$176.36 ,3902683,,,
12/7/2022,$173.75 ,3242832,,,
12/6/2022,$174.34 ,4418072,,,
12/5/2022,$177.39 ,4875539,,,
12/2/2022,$177.66 ,3822916,,,
12/1/2022,$177.50 ,5479894,,,
11/30/2022,$180.46 ,9780330,,,
11/29/2022,$172.98 ,3133977,,,
11/28/2022,$173.00 ,5358814,,,
11/25/2022,$177.07 ,1586355,,,
11/23/2022,$178.98 ,3939063,,,
11/22/2022,$177.22 ,4673774,,,
11/21/2022,$172.40 ,4703084,,,
11/18/2022,$175.18 ,5474821,,,
11/17/2022,$175.36 ,5339895,,,
11/16/2022,$173.46 ,7664877,,,
11/15/2022,$177.57 ,6601049,,,
11/14/2022,$177.44 ,5447319,,,
11/11/2022,$179.49 ,6911978,,,
11/10/2022,$174.69 ,9898204,,,
11/9/2022,$164.99 ,4800375,,,
11/8/2022,$168.11 ,5112301,,,
11/7/2022,$165.69 ,4928538,,,
11/4/2022,$162.65 ,6690149,,,
11/3/2022,$156.52 ,4555398,,,
11/2/2022,$158.49 ,6924532,,,
11/1/2022,$162.90 ,4972344,,,
10/31/2022,$160.63 ,6298902,,,
10/28/2022,$161.36 ,6776114,,,
10/27/2022,$156.76 ,7050506,,,
10/26/2022,$157.87 ,12967120,,,
10/25/2022,$162.16 ,8611180,,,
10/24/2022,$161.65 ,5467592,,,
10/21/2022,$159.72 ,7706393,,,
10/20/2022,$153.72 ,6506398,,,
10/19/2022,$152.65 ,5060124,,,
10/18/2022,$151.51 ,4866554,,,
10/17/2022,$150.99 ,5936071,,,
10/14/2022,$148.34 ,7470795,,,
10/13/2022,$154.34 ,7913955,,,
10/12/2022,$151.55 ,4526084,,,
10/11/2022,$153.45 ,9526922,,,
10/10/2022,$156.79 ,6573631,,,
10/7/2022,$159.28 ,8306437,,,
10/6/2022,$166.54 ,4170977,,,
10/5/2022,$167.80 ,5262603,,,
10/4/2022,$165.15 ,7233204,,,
10/3/2022,$159.84 ,6668516,,,
9/30/2022,$154.78 ,6074755,,,
9/29/2022,$158.45 ,6698955,,,
9/28/2022,$162.80 ,4881502,,,
9/27/2022,$160.71 ,4261522,,,
9/26/2022,$160.46 ,4605809,,,
9/23/2022,$161.29 ,6936094,,,
9/22/2022,$162.62 ,5696227,,,
9/21/2022,$163.30 ,6639783,,,
9/20/2022,$166.06 ,5220240,,,
9/19/2022,$166.25 ,4929516,,,
9/16/2022,$165.26 ,13417760,,,
9/15/2022,$162.67 ,6105394,,,
9/14/2022,$165.26 ,4792610,,,
9/13/2022,$162.65 ,7928670,,,
9/12/2022,$170.58 ,5216774,,,
9/9/2022,$170.74 ,5196193,,,
9/8/2022,$168.41 ,5473412,,,
9/7/2022,$165.82 ,5332392,,,
9/6/2022,$163.10 ,5057183,,,
9/2/2022,$163.00 ,4466254,,,
9/1/2022,$166.16 ,5593828,,,
8/31/2022,$165.21 ,6489879,,,
8/30/2022,$166.74 ,5343296,,,
8/29/2022,$167.94 ,4625846,,,
8/26/2022,$169.49 ,6583677,,,
8/25/2022,$177.31 ,4349986,,,
8/24/2022,$172.19 ,3037795,,,
8/23/2022,$172.52 ,3663937,,,
8/22/2022,$171.44 ,4919101,,,
8/19/2022,$176.45 ,4569509,,,
8/18/2022,$178.46 ,4390566,,,
8/17/2022,$176.71 ,6869009,,,
8/16/2022,$183.36 ,4541563,,,
8/15/2022,$185.40 ,2863352,,,
8/12/2022,$185.38 ,4161276,,,
8/11/2022,$182.06 ,3858267,,,
8/10/2022,$183.12 ,4276503,,,
8/9/2022,$177.71 ,5306376,,,
8/8/2022,$182.80 ,3547326,,,
8/5/2022,$184.30 ,3690099,,,
8/4/2022,$184.91 ,4533896,,,
8/3/2022,$183.47 ,6201346,,,
8/2/2022,$177.22 ,4442669,,,
8/1/2022,$178.80 ,4865741,,,
7/29/2022,$178.89 ,6623999,,,
7/28/2022,$175.75 ,6468810,,,
7/27/2022,$171.54 ,11623120,,,
7/26/2022,$160.84 ,6080565,,,
7/25/2022,$163.20 ,4201410,,,
7/22/2022,$163.90 ,5269888,,,
7/21/2022,$166.54 ,5466760,,,
7/20/2022,$165.33 ,5889233,,,
7/19/2022,$164.64 ,5390809,,,
7/18/2022,$159.67 ,4088684,,,
7/15/2022,$160.54 ,7466135,,,
7/14/2022,$157.85 ,4758822,,,
7/13/2022,$154.29 ,3755644,,,
7/12/2022,$154.46 ,4085077,,,
7/11/2022,$153.56 ,4057877,,,
7/8/2022,$155.53 ,3467501,,,
7/7/2022,$154.69 ,5169441,,,
7/6/2022,$150.81 ,5238201,,,
7/5/2022,$149.10 ,8486458,,,
7/1/2022,$148.54 ,8740209,,,
6/30/2022,$153.65 ,6807948,,,
6/29/2022,$152.78 ,4348314,,,
6/28/2022,$154.16 ,4687615,,,
6/27/2022,$155.62 ,5762374,,,
6/24/2022,$155.95 ,6425872,,,
6/23/2022,$151.14 ,4318203,,,
6/22/2022,$152.60 ,4242955,,,
6/21/2022,$153.46 ,6283095,,,
6/17/2022,$150.20 ,11262460,,,
6/16/2022,$151.37 ,6843681,,,
6/15/2022,$155.92 ,5442107,,,
6/14/2022,$154.08 ,4772644,,,
6/13/2022,$153.53 ,7765182,,,
6/10/2022,$157.78 ,6510987,,,
6/9/2022,$161.58 ,5353309,,,
6/8/2022,$165.37 ,5112786,,,
6/7/2022,$169.85 ,4416228,,,
6/6/2022,$167.76 ,5603762,,,
6/3/2022,$172.33 ,4485724,,,
6/2/2022,$176.72 ,6521632,,,
6/1/2022,$174.42 ,4681603,,,
5/31/2022,$176.76 ,9408016,,,
5/27/2022,$177.97 ,5857983,,,
5/26/2022,$174.13 ,4536813,,,
5/25/2022,$170.01 ,4712101,,,
5/24/2022,$167.86 ,5121676,,,
5/23/2022,$169.93 ,5384135,,,
5/20/2022,$169.81 ,6278490,,,
5/19/2022,$167.62 ,5399653,,,
5/18/2022,$170.30 ,5747202,,,
5/17/2022,$174.98 ,5851345,,,
5/16/2022,$168.50 ,3648952,,,
5/13/2022,$169.74 ,5329874,,,
5/12/2022,$165.90 ,5936179,,,
5/11/2022,$164.69 ,5892769,,,
5/10/2022,$168.24 ,7033254,,,
5/9/2022,$164.94 ,7929929,,,
5/6/2022,$167.45 ,5724984,,,
5/5/2022,$170.28 ,7740442,,,
5/4/2022,$176.23 ,10311500,,,
5/3/2022,$172.54 ,5438583,,,
5/2/2022,$174.00 ,5851582,,,
4/29/2022,$170.25 ,6698576,,,
4/28/2022,$175.85 ,8233639,,,
4/27/2022,$169.39 ,12570430,,,
4/26/2022,$168.44 ,9591653,,,
4/25/2022,$173.91 ,8737621,,,
4/22/2022,$173.31 ,6355869,,,
4/21/2022,$177.23 ,4734969,,,
4/20/2022,$179.42 ,4553809,,,
4/19/2022,$179.06 ,4671970,,,
4/18/2022,$176.56 ,3564025,,,
4/14/2022,$173.66 ,4578456,,,
4/13/2022,$175.11 ,5229054,,,
4/12/2022,$173.00 ,4550879,,,
4/11/2022,$171.94 ,4347851,,,
4/8/2022,$174.11 ,4504564,,,
4/7/2022,$177.60 ,4178547,,,
4/6/2022,$177.25 ,6933138,,,
4/5/2022,$177.18 ,6956458,,,
4/4/2022,$182.71 ,4644903,,,
4/1/2022,$182.08 ,4631765,,,
3/31/2022,$183.48 ,7170698,,,
3/30/2022,$187.45 ,3865719,,,
3/29/2022,$191.01 ,5835722,,,
3/28/2022,$185.68 ,3117048,,,
3/25/2022,$184.90 ,3738761,,,
3/24/2022,$184.21 ,4169424,,,
3/23/2022,$179.08 ,4821128,,,
3/22/2022,$182.35 ,3802974,,,
3/21/2022,$180.46 ,5030585,,,
3/18/2022,$180.10 ,9031479,,,
3/17/2022,$178.47 ,4930846,,,
3/16/2022,$176.33 ,5660414,,,
3/15/2022,$172.32 ,5138676,,,
3/14/2022,$166.72 ,4863167,,,
3/11/2022,$170.36 ,4869906,,,
3/10/2022,$172.75 ,6079155,,,
3/9/2022,$172.46 ,6047344,,,
3/8/2022,$167.34 ,7486503,,,
3/7/2022,$164.89 ,7064847,,,
3/4/2022,$169.98 ,6804786,,,
3/3/2022,$171.00 ,5154240,,,
3/2/2022,$170.10 ,5304114,,,
3/1/2022,$167.29 ,6049736,,,
2/28/2022,$169.99 ,5656824,,,
2/25/2022,$170.82 ,4830065,,,
2/24/2022,$169.59 ,7754828,,,
2/23/2022,$165.64 ,5893890,,,
2/22/2022,$166.69 ,7293808,,,
2/18/2022,$166.74 ,6359284,,,
2/17/2022,$164.65 ,6807676,,,
2/16/2022,$168.24 ,4594280,,,
2/15/2022,$166.17 ,6969987,,,
2/14/2022,$162.47 ,7468021,,,
2/11/2022,$164.40 ,7564212,,,
2/10/2022,$170.66 ,7583414,,,
2/9/2022,$176.71 ,7140590,,,
2/8/2022,$172.63 ,4622189,,,
2/7/2022,$169.95 ,6418908,,,
2/4/2022,$171.42 ,11408620,,,
2/3/2022,$175.59 ,11691390,,,
2/2/2022,$187.84 ,8993765,,,
2/1/2022,$181.29 ,6233689,,,
1/31/2022,$179.49 ,6980753,,,
1/28/2022,$177.29 ,7322071,,,
1/27/2022,$174.81 ,6755587,,,
1/26/2022,$178.33 ,12852710,,,
1/25/2022,$173.96 ,8157572,,,
1/24/2022,$178.34 ,11726200,,,
1/21/2022,$175.64 ,11527890,,,
1/20/2022,$173.45 ,6057774,,,
1/19/2022,$178.30 ,5207497,,,
1/18/2022,$182.28 ,7383578,,,
1/14/2022,$187.01 ,4731493,,,
1/13/2022,$184.15 ,5361110,,,
1/12/2022,$186.03 ,4240119,,,
1/11/2022,$184.64 ,5239279,,,
1/10/2022,$182.96 ,7195772,,,
1/7/2022,$179.44 ,7414192,,,
1/6/2022,$186.76 ,4502594,,,
1/5/2022,$186.82 ,5047424,,,
1/4/2022,$190.80 ,4137512,,,
1/3/2022,$190.60 ,3783000,,,
12/31/2021,$188.47 ,2813894,,,
12/30/2021,$189.41 ,2109201,,,
12/29/2021,$190.81 ,2755238,,,
12/28/2021,$191.10 ,2807445,,,
12/27/2021,$191.84 ,3405917,,,
12/23/2021,$187.40 ,3266661,,,
12/22/2021,$186.93 ,3375644,,,
12/21/2021,$186.37 ,6089506,,,
12/20/2021,$184.24 ,4474511,,,
12/17/2021,$186.30 ,8439069,,,
12/16/2021,$188.24 ,5452305,,,
12/15/2021,$193.44 ,6342123,,,
12/14/2021,$190.27 ,6130424,,,
12/13/2021,$193.24 ,6178322,,,
12/10/2021,$196.00 ,3264337,,,
12/9/2021,$193.40 ,3626664,,,
12/8/2021,$196.39 ,4255930,,,
12/7/2021,$199.03 ,5815641,,,
12/6/2021,$194.61 ,4084647,,,
12/3/2021,$193.38 ,4901026,,,
12/2/2021,$193.58 ,4236799,,,
12/1/2021,$191.76 ,7279100,,,
11/30/2021,$192.37 ,8775583,,,
11/29/2021,$194.38 ,4576415,,,
11/26/2021,$188.26 ,3324890,,,
11/24/2021,$193.60 ,6494330,,,
11/23/2021,$192.64 ,4881500,,,
11/22/2021,$192.50 ,4712643,,,
11/19/2021,$195.16 ,5133458,,,
11/18/2021,$193.47 ,4677555,,,
11/17/2021,$189.57 ,4167752,,,
11/16/2021,$188.52 ,3312037,,,
11/15/2021,$189.23 ,2985254,,,
11/12/2021,$190.08 ,3121684,,,
11/11/2021,$188.60 ,2554845,,,
11/10/2021,$187.02 ,4304584,,,
11/9/2021,$190.79 ,4314936,,,
11/8/2021,$192.36 ,5213902,,,
11/5/2021,$193.40 ,4510522,,,
11/4/2021,$191.11 ,4827970,,,
11/3/2021,$189.19 ,3666866,,,
11/2/2021,$189.34 ,4009677,,,
11/1/2021,$187.47 ,4203904,,,
10/29/2021,$187.48 ,4552271,,,
10/28/2021,$187.87 ,5123007,,,
10/27/2021,$187.10 ,10365480,,,
10/26/2021,$196.98 ,5837478,,,
10/25/2021,$200.20 ,4255061,,,
10/22/2021,$199.07 ,3649240,,,
10/21/2021,$201.29 ,3276309,,,
10/20/2021,$199.38 ,3043279,,,
10/19/2021,$198.23 ,2666322,,,
10/18/2021,$194.91 ,2804669,,,
10/15/2021,$194.45 ,2649003,,,
10/14/2021,$192.49 ,3413837,,,
10/13/2021,$187.10 ,3797435,,,
10/12/2021,$188.48 ,6225112,,,
10/11/2021,$193.37 ,2280205,,,
10/8/2021,$195.24 ,2574223,,,
10/7/2021,$195.31 ,2873192,,,
10/6/2021,$194.39 ,3103428,,,
10/5/2021,$193.88 ,3860158,,,
10/4/2021,$190.40 ,3934248,,,
10/1/2021,$193.79 ,2986088,,,
9/30/2021,$192.21 ,3272316,,,
9/29/2021,$193.07 ,3436848,,,
9/28/2021,$194.89 ,4274598,,,
9/27/2021,$200.33 ,3022270,,,
9/24/2021,$200.65 ,3191769,,,
9/23/2021,$198.67 ,2757054,,,
9/22/2021,$195.92 ,3526368,,,
9/21/2021,$192.96 ,3093468,,,
9/20/2021,$192.59 ,4614316,,,
9/17/2021,$196.25 ,5819573,,,
9/16/2021,$196.82 ,2661473,,,
9/15/2021,$197.50 ,3995869,,,
9/14/2021,$195.11 ,3239617,,,
9/13/2021,$193.98 ,3687232,,,
9/10/2021,$190.65 ,3331718,,,
9/9/2021,$188.47 ,1827894,,,
9/8/2021,$188.80 ,2021629,,,
9/7/2021,$189.46 ,2295952,,,
9/3/2021,$189.88 ,2103441,,,
9/2/2021,$189.41 ,2061416,,,
9/1/2021,$188.35 ,4536639,,,
8/31/2021,$190.91 ,4227735,,,
8/30/2021,$191.43 ,2356491,,,
8/27/2021,$190.52 ,2859989,,,
8/26/2021,$187.97 ,3643709,,,
8/25/2021,$188.09 ,3163578,,,
8/24/2021,$187.82 ,3268153,,,
8/23/2021,$187.85 ,3529034,,,
8/20/2021,$184.97 ,3855334,,,
8/19/2021,$185.04 ,3871756,,,
8/18/2021,$183.80 ,2862557,,,
8/17/2021,$186.32 ,3411822,,,
8/16/2021,$189.85 ,2506170,,,
8/13/2021,$188.70 ,1923680,,,
8/12/2021,$187.87 ,3949601,,,
8/11/2021,$189.50 ,2339370,,,
8/10/2021,$189.65 ,3497331,,,
8/9/2021,$190.45 ,2396200,,,
8/6/2021,$192.96 ,2414308,,,
8/5/2021,$193.16 ,2769531,,,
8/4/2021,$192.38 ,3793588,,,
8/3/2021,$189.34 ,3703460,,,
8/2/2021,$190.72 ,2922773,,,
7/30/2021,$190.62 ,2521715,,,
7/29/2021,$189.83 ,3081776,,,
7/28/2021,$186.85 ,2956943,,,
7/27/2021,$185.13 ,4649895,,,
7/26/2021,$188.26 ,4516737,,,
7/23/2021,$186.85 ,5982992,,,
7/22/2021,$183.91 ,12673940,,,
7/21/2021,$194.24 ,6352791,,,
7/20/2021,$187.77 ,4287544,,,
7/19/2021,$186.24 ,4181576,,,
7/16/2021,$186.12 ,4337576,,,
7/15/2021,$188.26 ,4259863,,,
7/14/2021,$191.28 ,3590215,,,
7/13/2021,$191.20 ,2695080,,,
7/12/2021,$191.92 ,4069516,,,
7/9/2021,$190.27 ,3109182,,,
7/8/2021,$188.24 ,3147227,,,
7/7/2021,$189.78 ,2749520,,,
7/6/2021,$191.20 ,2619753,,,
7/2/2021,$192.21 ,2390089,,,
7/1/2021,$190.84 ,3455953,,,
6/30/2021,$192.30 ,2687656,,,
6/29/2021,$192.88 ,2108687,,,
6/28/2021,$191.53 ,3228688,,,
6/25/2021,$188.17 ,4639336,,,
6/24/2021,$188.61 ,2876892,,,
6/23/2021,$186.10 ,2473274,,,
6/22/2021,$187.04 ,3299760,,,
6/21/2021,$186.11 ,3771261,,,
6/18/2021,$183.07 ,7535331,,,
6/17/2021,$187.65 ,3222379,,,
6/16/2021,$187.73 ,3357942,,,
6/15/2021,$188.61 ,2600234,,,
6/14/2021,$190.26 ,3360449,,,
6/11/2021,$188.67 ,2309380,,,
6/10/2021,$188.00 ,3188714,,,
6/9/2021,$186.45 ,2866943,,,
6/8/2021,$186.93 ,3063666,,,
6/7/2021,$188.55 ,2726265,,,
6/4/2021,$190.07 ,3462960,,,
6/3/2021,$186.00 ,4205441,,,
6/2/2021,$190.75 ,3137967,,,
6/1/2021,$189.00 ,4817511,,,
5/28/2021,$189.82 ,3306624,,,
5/27/2021,$189.13 ,10107760,,,
5/26/2021,$188.36 ,4221629,,,
5/25/2021,$188.70 ,4270225,,,
5/24/2021,$188.69 ,4165908,,,
5/21/2021,$185.01 ,3682338,,,
5/20/2021,$185.30 ,5386990,,,
5/19/2021,$181.72 ,4780154,,,
5/18/2021,$178.87 ,3454202,,,
5/17/2021,$180.83 ,4162317,,,
5/14/2021,$183.27 ,4433534,,,
5/13/2021,$178.99 ,4361497,,,
5/12/2021,$176.60 ,5297959,,,
5/11/2021,$183.20 ,4641488,,,
5/10/2021,$182.05 ,4580438,,,
5/7/2021,$187.76 ,4591506,,,
5/6/2021,$184.27 ,4525823,,,
5/5/2021,$181.65 ,5257339,,,
5/4/2021,$179.03 ,5222294,,,
5/3/2021,$178.80 ,5136070,,,
4/30/2021,$180.51 ,6193598,,,
4/29/2021,$185.82 ,4547337,,,
4/28/2021,$181.82 ,9434237,,,
4/27/2021,$190.21 ,3864051,,,
4/26/2021,$191.36 ,3842256,,,
4/23/2021,$188.82 ,3512433,,,
4/22/2021,$185.80 ,3853113,,,
4/21/2021,$188.90 ,4796529,,,
4/20/2021,$185.27 ,4258954,,,
4/19/2021,$187.06 ,5334947,,,
4/16/2021,$191.93 ,5792918,,,
4/15/2021,$193.17 ,4471900,,,
4/14/2021,$190.33 ,3555152,,,
4/13/2021,$191.24 ,4009373,,,
4/12/2021,$192.43 ,4505091,,,
4/9/2021,$195.43 ,3127318,,,
4/8/2021,$195.20 ,3157403,,,
4/7/2021,$193.09 ,3678962,,,
4/6/2021,$194.59 ,3506904,,,
4/5/2021,$196.93 ,4323937,,,
4/1/2021,$192.06 ,4581397,,,
3/31/2021,$188.99 ,5427730,,,
3/30/2021,$185.94 ,4458700,,,
3/29/2021,$186.18 ,4983805,,,
3/26/2021,$188.20 ,6363526,,,
3/25/2021,$178.49 ,4878534,,,
3/24/2021,$178.90 ,5056100,,,
3/23/2021,$178.78 ,4688580,,,
3/22/2021,$180.10 ,4476247,,,
3/19/2021,$175.98 ,8447253,,,
3/18/2021,$174.36 ,4214415,,,
3/17/2021,$179.35 ,4004804,,,
3/16/2021,$177.14 ,4132604,,,
3/15/2021,$174.91 ,3876751,,,
3/12/2021,$173.57 ,3514616,,,
3/11/2021,$174.95 ,5002903,,,
3/10/2021,$169.42 ,4270661,,,
3/9/2021,$170.36 ,7610263,,,
3/8/2021,$162.11 ,6065421,,,
3/5/2021,$167.94 ,5681162,,,
3/4/2021,$163.25 ,8318914,,,
3/3/2021,$170.59 ,4715866,,,
3/2/2021,$174.89 ,5401784,,,
3/1/2021,$177.67 ,4771643,,,
2/26/2021,$172.27 ,6060667,,,
2/25/2021,$170.53 ,6099645,,,
2/24/2021,$179.39 ,5100507,,,
2/23/2021,$172.85 ,6514423,,,
2/22/2021,$173.09 ,4386895,,,
2/19/2021,$178.35 ,4248489,,,
2/18/2021,$176.51 ,4195117,,,
2/17/2021,$178.53 ,4315389,,,
2/16/2021,$180.76 ,3887591,,,
2/12/2021,$179.64 ,2532565,,,
2/11/2021,$179.22 ,4775984,,,
2/10/2021,$174.36 ,3414929,,,
2/9/2021,$173.69 ,2777653,,,
2/8/2021,$175.12 ,4597562,,,
2/5/2021,$169.93 ,4045138,,,
2/4/2021,$172.00 ,3519812,,,
2/3/2021,$168.58 ,5019216,,,
2/2/2021,$174.75 ,4861179,,,
2/1/2021,$172.46 ,5715619,,,
1/29/2021,$165.69 ,5969788,,,
1/28/2021,$169.23 ,6796641,,,
1/27/2021,$162.93 ,10011230,,,
1/26/2021,$171.47 ,5341850,,,
1/25/2021,$172.92 ,5401881,,,
1/22/2021,$172.81 ,3737120,,,
1/21/2021,$175.10 ,3584673,,,
1/20/2021,$173.33 ,4329529,,,
1/19/2021,$174.19 ,6278012,,,
1/15/2021,$169.19 ,3734645,,,
1/14/2021,$171.71 ,3416354,,,
1/13/2021,$171.41 ,2953892,,,
1/12/2021,$172.30 ,3406613,,,
1/11/2021,$171.31 ,4553836,,,
1/8/2021,$171.16 ,4556506,,,
1/7/2021,$167.94 ,5673709,,,
1/6/2021,$164.22 ,5254431,,,
1/5/2021,$163.41 ,4734166,,,
1/4/2021,$162.22 ,4659971,,,
12/31/2020,$164.13 ,2906171,,,
12/30/2020,$162.70 ,2213785,,,
12/29/2020,$161.18 ,2433694,,,
12/28/2020,$161.47 ,2139362,,,
12/24/2020,$161.64 ,1044396,,,
12/23/2020,$160.98 ,2012454,,,
12/22/2020,$162.52 ,2645599,,,
12/21/2020,$162.43 ,3077337,,,
12/18/2020,$164.07 ,7072582,,,
12/17/2020,$162.69 ,5253382,,,
12/16/2020,$162.12 ,3148110,,,
12/15/2020,$162.38 ,5732166,,,
12/14/2020,$160.12 ,5994265,,,
12/11/2020,$160.61 ,4145765,,,
12/10/2020,$162.00 ,5597283,,,
12/9/2020,$162.76 ,5594021,,,
12/8/2020,$166.68 ,3259883,,,
12/7/2020,$166.29 ,4645586,,,
12/4/2020,$166.52 ,3741574,,,
12/3/2020,$161.98 ,4778646,,,
12/2/2020,$162.72 ,4212255,,,
12/1/2020,$163.49 ,4894413,,,
11/30/2020,$161.25 ,4845192,,,
11/27/2020,$158.99 ,3084389,,,
11/25/2020,$157.60 ,3543903,,,
11/24/2020,$159.35 ,4962833,,,
11/23/2020,$157.42 ,2803289,,,
11/20/2020,$156.82 ,3012972,,,
11/19/2020,$157.27 ,2465531,,,
11/18/2020,$153.55 ,2998439,,,
11/17/2020,$155.50 ,3526734,,,
11/16/2020,$158.31 ,3456499,,,
11/13/2020,$156.65 ,2439811,,,
11/12/2020,$154.50 ,2607087,,,
11/11/2020,$155.70 ,3497169,,,
11/10/2020,$151.49 ,5697945,,,
11/9/2020,$156.22 ,5308637,,,
11/6/2020,$157.74 ,4217915,,,
11/5/2020,$155.56 ,4638073,,,
11/4/2020,$152.03 ,5015699,,,
11/3/2020,$147.30 ,3588577,,,
11/2/2020,$145.60 ,3756552,,,
10/30/2020,$144.59 ,5427118,,,
10/29/2020,$146.19 ,5600383,,,
10/28/2020,$143.00 ,7413559,,,
10/27/2020,$147.12 ,4102600,,,
10/26/2020,$145.95 ,4290788,,,
10/23/2020,$149.96 ,3509434,,,
10/22/2020,$148.22 ,3167621,,,
10/21/2020,$146.13 ,6700591,,,
10/20/2020,$150.83 ,3919125,,,
10/19/2020,$150.76 ,4225352,,,
10/16/2020,$153.12 ,4600667,,,
10/15/2020,$152.55 ,2936219,,,
10/14/2020,$152.77 ,3267533,,,
10/13/2020,$154.49 ,3524030,,,
10/12/2020,$154.90 ,5147837,,,
10/9/2020,$150.91 ,4209933,,,
10/8/2020,$148.06 ,2323727,,,
10/7/2020,$146.75 ,2845594,,,
10/6/2020,$143.85 ,3418781,,,
10/5/2020,$144.08 ,3052841,,,
10/2/2020,$141.09 ,3928603,,,
10/1/2020,$144.91 ,4431150,,,
9/30/2020,$142.79 ,5599558,,,
9/29/2020,$141.50 ,2747432,,,
9/28/2020,$141.94 ,3454334,,,
9/25/2020,$138.32 ,3036028,,,
9/24/2020,$136.69 ,2910981,,,
9/23/2020,$135.16 ,5766588,,,
9/22/2020,$138.65 ,3213217,,,
9/21/2020,$136.98 ,6035987,,,
9/18/2020,$138.66 ,7025924,,,
9/17/2020,$140.40 ,5646089,,,
9/16/2020,$139.68 ,3591759,,,
9/15/2020,$140.64 ,2718779,,,
9/14/2020,$138.53 ,3120599,,,
9/11/2020,$136.37 ,3524401,,,
9/10/2020,$137.19 ,3985960,,,
9/9/2020,$139.68 ,5418553,,,
9/8/2020,$136.04 ,5893677,,,
9/4/2020,$140.47 ,5251718,,,
9/3/2020,$141.67 ,5866361,,,
9/2/2020,$147.64 ,4579461,,,
9/1/2020,$144.96 ,3564400,,,
8/31/2020,$142.15 ,4344554,,,
8/28/2020,$143.49 ,2884765,,,
8/27/2020,$141.49 ,2801034,,,
8/26/2020,$142.45 ,2974138,,,
8/25/2020,$141.66 ,2840696,,,
8/24/2020,$141.02 ,2841274,,,
8/21/2020,$140.33 ,4382515,,,
8/20/2020,$138.57 ,2761194,,,
8/19/2020,$138.48 ,3803285,,,
8/18/2020,$139.31 ,2760749,,,
8/17/2020,$138.28 ,2380521,,,
8/14/2020,$137.35 ,2062933,,,
8/13/2020,$137.15 ,2945103,,,
8/12/2020,$138.64 ,3073749,,,
8/11/2020,$136.04 ,5383829,,,
8/10/2020,$135.41 ,5526700,,,
8/7/2020,$133.56 ,2856748,,,
8/6/2020,$133.74 ,2961770,,,
8/5/2020,$132.70 ,4370266,,,
8/4/2020,$132.23 ,5361540,,,
8/3/2020,$129.32 ,4311843,,,
7/31/2020,$127.55 ,8044132,,,
7/30/2020,$128.89 ,4146867,,,
7/29/2020,$131.64 ,2818329,,,
7/28/2020,$130.13 ,3545276,,,
7/27/2020,$132.12 ,3874495,,,
7/24/2020,$129.63 ,5077126,,,
7/23/2020,$129.04 ,7793548,,,
7/22/2020,$132.53 ,10911870,,,
7/21/2020,$135.48 ,7748874,,,
7/20/2020,$136.58 ,4623121,,,
7/17/2020,$133.89 ,4666239,,,
7/16/2020,$132.18 ,3337688,,,
7/15/2020,$132.15 ,3625137,,,
7/14/2020,$131.89 ,4247456,,,
7/13/2020,$128.82 ,4861922,,,
7/10/2020,$130.53 ,2659255,,,
7/9/2020,$130.43 ,4977357,,,
7/8/2020,$129.26 ,3583752,,,
7/7/2020,$128.60 ,3778525,,,
7/6/2020,$129.53 ,4957024,,,
7/2/2020,$125.81 ,4798950,,,
7/1/2020,$124.80 ,4021990,,,
6/30/2020,$126.97 ,5572367,,,
6/29/2020,$124.77 ,3540060,,,
6/26/2020,$123.37 ,9870946,,,
6/25/2020,$125.06 ,2617173,,,
6/24/2020,$123.99 ,4747121,,,
6/23/2020,$126.62 ,4679048,,,
6/22/2020,$125.23 ,3677664,,,
6/19/2020,$124.89 ,10376890,,,
6/18/2020,$125.98 ,3062581,,,
6/17/2020,$126.22 ,2934184,,,
6/16/2020,$126.11 ,3529595,,,
6/15/2020,$124.23 ,5152867,,,
6/12/2020,$123.97 ,5950875,,,
6/11/2020,$124.61 ,6014011,,,
6/10/2020,$131.40 ,4005725,,,
6/9/2020,$132.12 ,4449968,,,
6/8/2020,$132.86 ,5602583,,,
6/5/2020,$131.44 ,7788781,,,
6/4/2020,$128.58 ,5052550,,,
6/3/2020,$127.21 ,7650633,,,
6/2/2020,$122.67 ,7277681,,,
6/1/2020,$117.86 ,2842695,,,
5/29/2020,$118.74 ,5953578,,,
5/28/2020,$115.87 ,3798358,,,
5/27/2020,$117.82 ,4079439,,,
5/26/2020,$115.73 ,4822042,,,
5/22/2020,$113.43 ,3061595,,,
5/21/2020,$113.46 ,4381862,,,
5/20/2020,$117.48 ,4961617,,,
5/19/2020,$112.68 ,4595070,,,
5/18/2020,$114.42 ,6527364,,,
5/15/2020,$108.24 ,7237711,,,
5/14/2020,$110.35 ,4396124,,,
5/13/2020,$109.07 ,4653232,,,
5/12/2020,$111.69 ,3547084,,,
5/11/2020,$114.88 ,2723621,,,
5/8/2020,$115.00 ,4331296,,,
5/7/2020,$113.65 ,3610293,,,
5/6/2020,$112.42 ,3701441,,,
5/5/2020,$111.54 ,5242554,,,
5/4/2020,$110.50 ,4987070,,,
5/1/2020,$109.71 ,5839885,,,
4/30/2020,$116.07 ,5781032,,,
4/29/2020,$119.40 ,4936870,,,
4/28/2020,$114.24 ,5762275,,,
4/27/2020,$115.78 ,4728247,,,
4/24/2020,$113.93 ,5570209,,,
4/23/2020,$110.46 ,5374254,,,
4/22/2020,$111.98 ,10961260,,,
4/21/2020,$106.84 ,8799824,,,
4/20/2020,$111.53 ,7956952,,,
4/17/2020,$113.55 ,6100164,,,
4/16/2020,$111.39 ,5777685,,,
4/15/2020,$107.98 ,5381347,,,
4/14/2020,$110.95 ,8142378,,,
4/13/2020,$107.67 ,5209410,,,
4/9/2020,$107.69 ,5902415,,,
4/8/2020,$110.17 ,5426602,,,
4/7/2020,$106.26 ,7762249,,,
4/6/2020,$108.96 ,7189653,,,
4/3/2020,$99.98 ,6587405,,,
4/2/2020,$102.02 ,8353715,,,
4/1/2020,$96.89 ,8229664,,,
3/31/2020,$99.93 ,8970003,,,
3/30/2020,$102.02 ,6950754,,,
3/27/2020,$100.50 ,7579184,,,
3/26/2020,$107.76 ,10443000,,,
3/25/2020,$99.16 ,11862060,,,
3/24/2020,$105.36 ,9385741,,,
3/23/2020,$98.44 ,9680823,,,
3/20/2020,$97.60 ,10253310,,,
3/19/2020,$101.57 ,9298541,,,
3/18/2020,$100.00 ,16413940,,,
3/17/2020,$106.15 ,16243500,,,
3/16/2020,$93.50 ,12389360,,,
3/13/2020,$106.04 ,16040240,,,
3/12/2020,$97.53 ,15158500,,,
3/11/2020,$106.50 ,9636948,,,
3/10/2020,$112.12 ,9206433,,,
3/9/2020,$105.04 ,8454636,,,
3/6/2020,$113.16 ,6386222,,,
3/5/2020,$114.72 ,6162250,,,
3/4/2020,$119.05 ,5556691,,,
3/3/2020,$113.81 ,9217500,,,
3/2/2020,$118.97 ,7207458,,,
2/28/2020,$114.14 ,11432760,,,
2/27/2020,$113.13 ,8687345,,,
2/26/2020,$118.79 ,5778181,,,
2/25/2020,$118.38 ,6347264,,,
2/24/2020,$121.44 ,7483779,,,
2/21/2020,$128.52 ,4121290,,,
2/20/2020,$131.47 ,2487936,,,
2/19/2020,$133.13 ,3931602,,,
2/18/2020,$131.24 ,3094593,,,
2/14/2020,$132.21 ,2605266,,,
2/13/2020,$132.81 ,4268722,,,
2/12/2020,$132.42 ,2839108,,,
2/11/2020,$130.70 ,2986832,,,
2/10/2020,$129.65 ,2882681,,,
2/7/2020,$128.70 ,4331746,,,
2/6/2020,$132.52 ,3686554,,,
2/5/2020,$132.44 ,7281760,,,
2/4/2020,$126.47 ,4434701,,,
2/3/2020,$123.40 ,5396697,,,
1/31/2020,$120.65 ,5782520,,,
1/30/2020,$124.42 ,5521312,,,
1/29/2020,$125.49 ,4537551,,,
1/28/2020,$128.04 ,4397463,,,
1/27/2020,$126.31 ,5891326,,,
1/24/2020,$130.52 ,5606800,,,
1/23/2020,$134.25 ,8598678,,,
1/22/2020,$133.34 ,8899712,,,
1/21/2020,$130.86 ,8631707,,,
1/17/2020,$131.70 ,5487095,,,
1/16/2020,$130.16 ,5475961,,,
1/15/2020,$129.17 ,3392366,,,
1/14/2020,$130.67 ,4632403,,,
1/13/2020,$129.95 ,4313199,,,
1/10/2020,$130.00 ,3234039,,,
1/9/2020,$131.33 ,3528081,,,
1/8/2020,$129.76 ,3546870,,,
1/7/2020,$129.41 ,7186129,,,
1/6/2020,$126.96 ,4345537,,,
1/3/2020,$127.85 ,4057223,,,
1/2/2020,$129.57 ,4307006,,,
12/31/2019,$128.29 ,2813548,,,
12/30/2019,$127.66 ,2283729,,,
12/27/2019,$128.57 ,1800663,,,
12/26/2019,$128.48 ,2339864,,,
12/24/2019,$128.53 ,1403410,,,
12/23/2019,$128.55 ,3095031,,,
12/20/2019,$128.95 ,9321399,,,
12/19/2019,$126.40 ,4256468,,,
12/18/2019,$126.35 ,5776324,,,
12/17/2019,$127.09 ,4354331,,,
12/16/2019,$127.07 ,4973083,,,
12/13/2019,$126.64 ,3451955,,,
12/12/2019,$126.07 ,5412936,,,
12/11/2019,$123.72 ,2959929,,,
12/10/2019,$121.37 ,4043388,,,
12/9/2019,$122.00 ,2892813,,,
12/6/2019,$122.37 ,3816004,,,
12/5/2019,$120.74 ,3260373,,,
12/4/2019,$120.28 ,4537688,,,
12/3/2019,$117.75 ,6060975,,,
12/2/2019,$118.79 ,4733651,,,
11/29/2019,$120.21 ,3498895,,,
11/27/2019,$121.73 ,4878164,,,
11/26/2019,$119.13 ,7099760,,,
11/25/2019,$119.01 ,3726369,,,